<?xml version="1.0" encoding="UTF-8"?>
<project-private xmlns="http://www.netbeans.org/ns/project-private/1">
    <editor-bookmarks xmlns="http://www.netbeans.org/ns/editor-bookmarks/2" lastBookmarkId="0"/>
    <open-files xmlns="http://www.netbeans.org/ns/projectui-open-files/2">
        <group>
            <file>file:/C:/Users/Adit/Netbeans/Event%20Kampus/src/Eventkampus/dashboardhiburan.java</file>
            <file>file:/C:/Users/Adit/Netbeans/Event%20Kampus/src/Eventkampus/home.java</file>
            <file>file:/C:/Users/Adit/Netbeans/Event%20Kampus/src/Eventkampus/verifikasipesertahiburan.java</file>
            <file>file:/C:/Users/Adit/Netbeans/Event%20Kampus/src/Eventkampus/event.java</file>
            <file>file:/C:/Users/Adit/Netbeans/Event%20Kampus/src/Eventkampus/CobaTabel.java</file>
            <file>file:/C:/Users/Adit/Netbeans/Event%20Kampus/src/Eventkampus/dashboardlomba.java</file>
            <file>file:/C:/Users/Adit/Netbeans/Event%20Kampus/src/Eventkampus/userevent.java</file>
            <file>file:/C:/Users/Adit/Netbeans/Event%20Kampus/src/Eventkampus/RegisterEvent.java</file>
            <file>file:/C:/Users/Adit/Netbeans/Event%20Kampus/src/Eventkampus/dashboardseminar.java</file>
            <file>file:/C:/Users/Adit/Netbeans/Event%20Kampus/src/Eventkampus/loginform.java</file>
            <file>file:/C:/Users/Adit/Netbeans/Event%20Kampus/src/Eventkampus/eventadminedit.java</file>
            <file>file:/C:/Users/Adit/Netbeans/Event%20Kampus/src/Eventkampus/formRegister.java</file>
            <file>file:/C:/Users/Adit/Netbeans/Event%20Kampus/src/Eventkampus/DBConnection.java</file>
            <file>file:/C:/Users/Adit/Netbeans/Event%20Kampus/src/Eventkampus/eventadminlomba.java</file>
            <file>file:/C:/Users/Adit/Netbeans/Event%20Kampus/src/Eventkampus/admin.java</file>
            <file>file:/C:/Users/Adit/Netbeans/Event%20Kampus/src/Eventkampus/user.java</file>
            <file>file:/C:/Users/Adit/Netbeans/Event%20Kampus/src/Eventkampus/userseminar.java</file>
            <file>file:/C:/Users/Adit/Netbeans/Event%20Kampus/src/Eventkampus/detailEventId.java</file>
            <file>file:/C:/Users/Adit/Netbeans/Event%20Kampus/src/Eventkampus/verifikasipesertalomba.java</file>
            <file>file:/C:/Users/Adit/Netbeans/Event%20Kampus/src/Eventkampus/profileuser.java</file>
            <file>file:/C:/Users/Adit/Netbeans/Event%20Kampus/src/Eventkampus/Product2.java</file>
            <file>file:/C:/Users/Adit/Netbeans/Event%20Kampus/src/Eventkampus/adminID.java</file>
            <file>file:/C:/Users/Adit/Netbeans/Event%20Kampus/src/Eventkampus/eventID.java</file>
            <file>file:/C:/Users/Adit/Netbeans/Event%20Kampus/src/Eventkampus/dashboardadmin.java</file>
            <file>file:/C:/Users/Adit/Netbeans/Event%20Kampus/src/Eventkampus/registerform.java</file>
            <file>file:/C:/Users/Adit/Netbeans/Event%20Kampus/src/Eventkampus/userlog.java</file>
            <file>file:/C:/Users/Adit/Netbeans/Event%20Kampus/src/Eventkampus/cekpesertahiburan.java</file>
            <file>file:/C:/Users/Adit/Netbeans/Event%20Kampus/src/Eventkampus/cetaksertif.java</file>
            <file>file:/C:/Users/Adit/Netbeans/Event%20Kampus/src/Eventkampus/verifikasipeserta.java</file>
            <file>file:/C:/Users/Adit/Netbeans/Event%20Kampus/src/Eventkampus/sertif.java</file>
            <file>file:/C:/Users/Adit/Netbeans/Event%20Kampus/src/Eventkampus/superadminID.java</file>
            <file>file:/C:/Users/Adit/Netbeans/Event%20Kampus/src/Eventkampus/menupembayaran.java</file>
            <file>file:/C:/Users/Adit/Netbeans/Event%20Kampus/src/Eventkampus/loginadmin.java</file>
            <file>file:/C:/Users/Adit/Netbeans/Event%20Kampus/src/Eventkampus/cekpeserta.java</file>
            <file>file:/C:/Users/Adit/Netbeans/Event%20Kampus/src/Eventkampus/loginsuperadmin.java</file>
            <file>file:/C:/Users/Adit/Netbeans/Event%20Kampus/src/Eventkampus/addAdmin.java</file>
            <file>file:/C:/Users/Adit/Netbeans/Event%20Kampus/src/Eventkampus/manageEvent.java</file>
            <file>file:/C:/Users/Adit/Netbeans/Event%20Kampus/src/Eventkampus/daftarevent.java</file>
            <file>file:/C:/Users/Adit/Netbeans/Event%20Kampus/src/Eventkampus/eventadmin.java</file>
            <file>file:/C:/Users/Adit/Netbeans/Event%20Kampus/src/Eventkampus/userhiburan.java</file>
            <file>file:/C:/Users/Adit/Netbeans/Event%20Kampus/src/Eventkampus/Konfirmasi.java</file>
            <file>file:/C:/Users/Adit/Netbeans/Event%20Kampus/src/Eventkampus/eventadminindex.java</file>
            <file>file:/C:/Users/Adit/Netbeans/Event%20Kampus/src/Eventkampus/foto.java</file>
            <file>file:/C:/Users/Adit/Netbeans/Event%20Kampus/src/Eventkampus/dashboardsuperadmin.java</file>
            <file>file:/C:/Users/Adit/Netbeans/Event%20Kampus/src/Eventkampus/loginevent.java</file>
            <file>file:/C:/Users/Adit/Netbeans/Event%20Kampus/src/Eventkampus/FileNameEvtensionFilter.java</file>
            <file>file:/C:/Users/Adit/Netbeans/Event%20Kampus/src/Eventkampus/userlomba.java</file>
            <file>file:/C:/Users/Adit/Netbeans/Event%20Kampus/src/Eventkampus/eventadminhiburan.java</file>
            <file>file:/C:/Users/Adit/Netbeans/Event%20Kampus/src/Eventkampus/verifikasipesertaseminar.java</file>
        </group>
    </open-files>
</project-private>
